"0",""
"0",""
"0",""
"0","# ============================================================"
"0","# STEP 15 — Confirm all output files saved"
"0","# ============================================================"
"0","list.files(pattern = ""\\.png$"")"
"1","[1]"
"1"," ""chart_income.png""    "
"1"," ""chart_race.png""      "
"1"," ""map_hispanic.png""    "
"1"," ""map_landscapes.png""  "
"1","
"
"1","[5]"
"1"," ""map_poverty.png""     "
"1"," ""pyramid_exurban.png"" "
"1"," ""pyramid_suburban.png"""
"1"," ""pyramid_urban.png""   "
"1","
"
"0","# (keep all your existing code here, just no ggsave lines needed)"
